{"AUC": 0.9520716163846639, "confusion_matrix": {"_type": "image-file", "sha256": "7dc858a24d6b1be3449ca96c677fa8cfb34f34ba4619fbdedb72684815b409b5", "size": 94338, "path": "media/images/confusion_matrix_0_7dc858a24d6b1be3449c.png", "format": "png", "width": 1000, "height": 1000}, "_timestamp": 1722135981.0432627, "_runtime": 7.038540601730347, "_step": 0, "_wandb": {"runtime": 6}}